First Name,Last Name,Age,Email,Username
User1,LastName1,14,test@example.ca,username1
User2,LastName2,15,test@example.ca,username2
User3,LastName3,14,test@example.ca,username3
User4,LastName4,15,test@example.ca,username4
User5,LastName5,14,test@example.ca,username5
User6,LastName6,15,test@example.ca,username6
User7,LastName7,14,test@example.ca,username7
User8,LastName8,14,test@example.ca,username8
User9,LastName9,15,test@example.ca,username9
User10,LastName10,14,test@example.ca,username10
User11,LastName11,15,test@example.ca,username11
User12,LastName12,14,test@example.ca,username12
User13,LastName13,15,test@example.ca,username13
User14,LastName14,14,test@example.ca,username14
User15,LastName15,14,test@example.ca,username15
User16,LastName16,15,test@example.ca,username16
User17,LastName17,14,test@example.ca,username17
User18,LastName18,15,test@example.ca,username18
User19,LastName19,14,test@example.ca,username19
User20,LastName20,15,test@example.ca,username20
User21,LastName21,14,test@example.ca,username21
User22,LastName22,14,test@example.ca,username22
User23,LastName23,15,test@example.ca,username23
User24,LastName24,14,test@example.ca,username24
User25,LastName25,15,test@example.ca,username25
User26,LastName26,14,test@example.ca,username26
User27,LastName27,15,test@example.ca,username27
User28,LastName28,14,test@example.ca,username28
User29,LastName29,14,test@example.ca,username29
User30,LastName30,15,test@example.ca,username30
User31,LastName31,14,test@example.ca,username31
User32,LastName32,15,test@example.ca,username32
User33,LastName33,14,test@example.ca,username33
User34,LastName34,15,test@example.ca,username34
User35,LastName35,14,test@example.ca,username35